"title","description","rating","count_of_movies","average_movie_rental_rate","maximum_rental_duration","minimum_rental_duration"
"Mulan Moon","A Emotional Saga of a Womanizer And a Pioneer who must Overcome a Dentist in A Baloon","G","1","0.99000000000000000000",4,4
"Fantasia Park","A Thoughtful Documentary of a Mad Scientist And a A Shark who must Outrace a Feminist in Australia","G","1","2.9900000000000000",5,5
"Mob Duffel","A Unbelieveable Documentary of a Frisbee And a Boat who must Meet a Boy in The Canadian Rockies","G","1","0.99000000000000000000",4,4
"Bugsy Song","A Awe-Inspiring Character Study of a Secret Agent And a Boat who must Find a Squirrel in The First Manned Space Station","G","1","2.9900000000000000",4,4
"Torque Bound","A Emotional Display of a Crocodile And a Husband who must Reach a Man in Ancient Japan","G","1","4.9900000000000000",3,3
"Color Philadelphia","A Thoughtful Panorama of a Car And a Crocodile who must Sink a Monkey in The Sahara Desert","G","1","2.9900000000000000",6,6
"Fargo Gandhi","A Thrilling Reflection of a Pastry Chef And a Crocodile who must Reach a Teacher in The Outback","G","1","2.9900000000000000",3,3
"Cheaper Clyde","A Emotional Character Study of a Pioneer And a Girl who must Discover a Dog in Ancient Japan","G","1","0.99000000000000000000",6,6
"Muscle Bright","A Stunning Panorama of a Sumo Wrestler And a Husband who must Redeem a Madman in Ancient India","G","1","2.9900000000000000",7,7
"Goldfinger Sensibility","A Insightful Drama of a Mad Scientist And a Hunter who must Defeat a Pastry Chef in New Orleans","G","1","0.99000000000000000000",3,3
"Teen Apollo","A Awe-Inspiring Drama of a Dog And a Man who must Escape a Robot in A Shark Tank","G","1","4.9900000000000000",3,3
"Scissorhands Slums","A Awe-Inspiring Drama of a Girl And a Technical Writer who must Meet a Feminist in The Canadian Rockies","G","1","2.9900000000000000",5,5
"Catch Amistad","A Boring Reflection of a Lumberjack And a Feminist who must Discover a Woman in Nigeria","G","1","0.99000000000000000000",7,7
"Annie Identity","A Amazing Panorama of a Pastry Chef And a Boat who must Escape a Woman in An Abandoned Amusement Park","G","1","0.99000000000000000000",3,3
"Spoilers Hellfighters","A Fanciful Story of a Technical Writer And a Squirrel who must Defeat a Dog in The Gulf of Mexico","G","1","0.99000000000000000000",4,4
"Autumn Crow","A Beautiful Tale of a Dentist And a Mad Cow who must Battle a Moose in The Sahara Desert","G","1","4.9900000000000000",3,3
"Werewolf Lola","A Fanciful Story of a Man And a Sumo Wrestler who must Outrace a Student in A Monastery","G","1","4.9900000000000000",6,6
"Angels Life","A Thoughtful Display of a Woman And a Astronaut who must Battle a Robot in Berlin","G","1","2.9900000000000000",3,3
"Dracula Crystal","A Thrilling Reflection of a Feminist And a Cat who must Find a Frisbee in An Abandoned Fun House","G","1","0.99000000000000000000",7,7
"Flatliners Killer","A Taut Display of a Secret Agent And a Waitress who must Sink a Robot in An Abandoned Mine Shaft","G","1","2.9900000000000000",5,5
"Chitty Lock","A Boring Epistle of a Boat And a Database Administrator who must Kill a Sumo Wrestler in The First Manned Space Station","G","1","2.9900000000000000",6,6
"Control Anthem","A Fateful Documentary of a Robot And a Student who must Battle a Cat in A Monastery","G","1","4.9900000000000000",7,7
"Pulp Beverly","A Unbelieveable Display of a Dog And a Crocodile who must Outrace a Man in Nigeria","G","1","2.9900000000000000",4,4
"Empire Malkovich","A Amazing Story of a Feminist And a Cat who must Face a Car in An Abandoned Fun House","G","1","0.99000000000000000000",7,7
"Lust Lock","A Fanciful Panorama of a Hunter And a Dentist who must Meet a Secret Agent in The Sahara Desert","G","1","2.9900000000000000",3,3
"Beach Heartbreakers","A Fateful Display of a Womanizer And a Mad Scientist who must Outgun a A Shark in Soviet Georgia","G","1","2.9900000000000000",6,6
"Lawless Vision","A Insightful Yarn of a Boy And a Sumo Wrestler who must Outgun a Car in The Outback","G","1","4.9900000000000000",6,6
"Casablanca Super","A Amazing Panorama of a Crocodile And a Forensic Psychologist who must Pursue a Secret Agent in The First Manned Space Station","G","1","4.9900000000000000",6,6
"African Egg","A Fast-Paced Documentary of a Pastry Chef And a Dentist who must Pursue a Forensic Psychologist in The Gulf of Mexico","G","1","2.9900000000000000",6,6
"Blood Argonauts","A Boring Drama of a Explorer And a Man who must Kill a Lumberjack in A Manhattan Penthouse","G","1","0.99000000000000000000",3,3
"Barefoot Manchurian","A Intrepid Story of a Cat And a Student who must Vanquish a Girl in An Abandoned Amusement Park","G","1","2.9900000000000000",6,6
"Hocus Frida","A Awe-Inspiring Tale of a Girl And a Madman who must Outgun a Student in A Shark Tank","G","1","2.9900000000000000",4,4
"Saints Bride","A Fateful Tale of a Technical Writer And a Composer who must Pursue a Explorer in The Gulf of Mexico","G","1","2.9900000000000000",5,5
"Alamo Videotape","A Boring Epistle of a Butler And a Cat who must Fight a Pastry Chef in A MySQL Convention","G","1","0.99000000000000000000",6,6
"Cat Coneheads","A Fast-Paced Panorama of a Girl And a A Shark who must Confront a Boy in Ancient India","G","1","4.9900000000000000",5,5
"Samurai Lion","A Fast-Paced Story of a Pioneer And a Astronaut who must Reach a Boat in A Baloon","G","1","2.9900000000000000",5,5
"Clerks Angels","A Thrilling Display of a Sumo Wrestler And a Girl who must Confront a Man in A Baloon","G","1","4.9900000000000000",3,3
"Potluck Mixed","A Beautiful Story of a Dog And a Technical Writer who must Outgun a Student in A Baloon","G","1","2.9900000000000000",3,3
"Timberland Sky","A Boring Display of a Man And a Dog who must Redeem a Girl in A U-Boat","G","1","0.99000000000000000000",3,3
"West Lion","A Intrepid Drama of a Butler And a Lumberjack who must Challenge a Database Administrator in A Manhattan Penthouse","G","1","4.9900000000000000",4,4
"Bonnie Holocaust","A Fast-Paced Story of a Crocodile And a Robot who must Find a Moose in Ancient Japan","G","1","0.99000000000000000000",4,4
"Desperate Trainspotting","A Epic Yarn of a Forensic Psychologist And a Teacher who must Face a Lumberjack in California","G","1","4.9900000000000000",7,7
"Menagerie Rushmore","A Unbelieveable Panorama of a Composer And a Butler who must Overcome a Database Administrator in The First Manned Space Station","G","1","2.9900000000000000",7,7
"Hills Neighbors","A Epic Display of a Hunter And a Feminist who must Sink a Car in A U-Boat","G","1","0.99000000000000000000",5,5
"Summer Scarface","A Emotional Panorama of a Lumberjack And a Hunter who must Meet a Girl in A Shark Tank","G","1","0.99000000000000000000",5,5
"Casualties Encino","A Insightful Yarn of a A Shark And a Pastry Chef who must Face a Boy in A Monastery","G","1","4.9900000000000000",3,3
"Ace Goldfinger","A Astounding Epistle of a Database Administrator And a Explorer who must Find a Car in Ancient China","G","1","4.9900000000000000",3,3
"Mussolini Spoilers","A Thrilling Display of a Boat And a Monkey who must Meet a Composer in Ancient China","G","1","2.9900000000000000",6,6
"Dancing Fever","A Stunning Story of a Explorer And a Forensic Psychologist who must Face a Crocodile in A Shark Tank","G","1","0.99000000000000000000",6,6
"Lonely Elephant","A Intrepid Story of a Student And a Dog who must Challenge a Explorer in Soviet Georgia","G","1","2.9900000000000000",3,3
"Heartbreakers Bright","A Awe-Inspiring Documentary of a A Shark And a Dentist who must Outrace a Pastry Chef in The Canadian Rockies","G","1","4.9900000000000000",3,3
"Drumline Cyclone","A Insightful Panorama of a Monkey And a Sumo Wrestler who must Outrace a Mad Scientist in The Canadian Rockies","G","1","0.99000000000000000000",3,3
"Ghost Groundhog","A Brilliant Panorama of a Madman And a Composer who must Succumb a Car in Ancient India","G","1","4.9900000000000000",6,6
"Young Language","A Unbelieveable Yarn of a Boat And a Database Administrator who must Meet a Boy in The First Manned Space Station","G","1","0.99000000000000000000",6,6
"Smile Earring","A Intrepid Drama of a Teacher And a Butler who must Build a Pastry Chef in Berlin","G","1","2.9900000000000000",4,4
"Trap Guys","A Unbelieveable Story of a Boy And a Mad Cow who must Challenge a Database Administrator in The Sahara Desert","G","1","4.9900000000000000",3,3
"Sleepless Monsoon","A Amazing Saga of a Moose And a Pastry Chef who must Escape a Butler in Australia","G","1","4.9900000000000000",5,5
"Intrigue Worst","A Fanciful Character Study of a Explorer And a Mad Scientist who must Vanquish a Squirrel in A Jet Boat","G","1","0.99000000000000000000",6,6
"Shining Roses","A Awe-Inspiring Character Study of a Astronaut And a Forensic Psychologist who must Challenge a Madman in Ancient India","G","1","0.99000000000000000000",4,4
"Conquerer Nuts","A Taut Drama of a Mad Scientist And a Man who must Escape a Pioneer in An Abandoned Mine Shaft","G","1","4.9900000000000000",4,4
"Beauty Grease","A Fast-Paced Display of a Composer And a Moose who must Sink a Robot in An Abandoned Mine Shaft","G","1","4.9900000000000000",5,5
"Satisfaction Confidential","A Lacklusture Yarn of a Dentist And a Butler who must Meet a Secret Agent in Ancient China","G","1","4.9900000000000000",3,3
"Watership Frontier","A Emotional Yarn of a Boat And a Crocodile who must Meet a Moose in Soviet Georgia","G","1","0.99000000000000000000",6,6
"Bulworth Commandments","A Amazing Display of a Mad Cow And a Pioneer who must Redeem a Sumo Wrestler in The Outback","G","1","2.9900000000000000",4,4
"Citizen Shrek","A Fanciful Character Study of a Technical Writer And a Husband who must Redeem a Robot in The Outback","G","1","0.99000000000000000000",7,7
"Primary Glass","A Fateful Documentary of a Pastry Chef And a Butler who must Build a Dog in The Canadian Rockies","G","1","0.99000000000000000000",7,7
"Traffic Hobbit","A Amazing Epistle of a Squirrel And a Lumberjack who must Succumb a Database Administrator in A U-Boat","G","1","4.9900000000000000",5,5
"Saturday Lambs","A Thoughtful Reflection of a Mad Scientist And a Moose who must Kill a Husband in A Baloon","G","1","4.9900000000000000",3,3
"Kill Brotherhood","A Touching Display of a Hunter And a Secret Agent who must Redeem a Husband in The Outback","G","1","0.99000000000000000000",4,4
"Minority Kiss","A Insightful Display of a Lumberjack And a Sumo Wrestler who must Meet a Man in The Outback","G","1","0.99000000000000000000",4,4
"Doctor Grail","A Insightful Drama of a Womanizer And a Waitress who must Reach a Forensic Psychologist in The Outback","G","1","2.9900000000000000",4,4
"Rock Instinct","A Astounding Character Study of a Robot And a Moose who must Overcome a Astronaut in Ancient India","G","1","0.99000000000000000000",4,4
"Affair Prejudice","A Fanciful Documentary of a Frisbee And a Lumberjack who must Chase a Monkey in A Shark Tank","G","1","2.9900000000000000",5,5
"Pacific Amistad","A Thrilling Yarn of a Dog And a Moose who must Kill a Pastry Chef in A Manhattan Penthouse","G","1","0.99000000000000000000",3,3
"Chisum Behavior","A Epic Documentary of a Sumo Wrestler And a Butler who must Kill a Car in Ancient India","G","1","4.9900000000000000",5,5
"Exorcist Sting","A Touching Drama of a Dog And a Sumo Wrestler who must Conquer a Mad Scientist in Berlin","G","1","2.9900000000000000",6,6
"Bunch Minds","A Emotional Story of a Feminist And a Feminist who must Escape a Pastry Chef in A MySQL Convention","G","1","2.9900000000000000",4,4
"Warlock Werewolf","A Astounding Yarn of a Pioneer And a Crocodile who must Defeat a A Shark in The Outback","G","1","2.9900000000000000",6,6
"Butterfly Chocolat","A Fateful Story of a Girl And a Composer who must Conquer a Husband in A Shark Tank","G","1","0.99000000000000000000",3,3
"Destiny Saturday","A Touching Drama of a Crocodile And a Crocodile who must Conquer a Explorer in Soviet Georgia","G","1","4.9900000000000000",4,4
"Bride Intrigue","A Epic Tale of a Robot And a Monkey who must Vanquish a Man in New Orleans","G","1","0.99000000000000000000",7,7
"Blanket Beverly","A Emotional Documentary of a Student And a Girl who must Build a Boat in Nigeria","G","1","2.9900000000000000",7,7
"Grease Youth","A Emotional Panorama of a Secret Agent And a Waitress who must Escape a Composer in Soviet Georgia","G","1","0.99000000000000000000",7,7
"Panky Submarine","A Touching Documentary of a Dentist And a Sumo Wrestler who must Overcome a Boy in The Gulf of Mexico","G","1","4.9900000000000000",4,4
"Heavyweights Beast","A Unbelieveable Story of a Composer And a Dog who must Overcome a Womanizer in An Abandoned Amusement Park","G","1","4.9900000000000000",6,6
"Jaws Harry","A Thrilling Display of a Database Administrator And a Monkey who must Overcome a Dog in An Abandoned Fun House","G","1","2.9900000000000000",4,4
"Duffel Apocalypse","A Emotional Display of a Boat And a Explorer who must Challenge a Madman in A MySQL Convention","G","1","0.99000000000000000000",5,5
"Secrets Paradise","A Fateful Saga of a Cat And a Frisbee who must Kill a Girl in A Manhattan Penthouse","G","1","4.9900000000000000",3,3
"Italian African","A Astounding Character Study of a Monkey And a Moose who must Outgun a Cat in A U-Boat","G","1","4.9900000000000000",3,3
"Mosquito Armageddon","A Thoughtful Character Study of a Waitress And a Feminist who must Build a Teacher in Ancient Japan","G","1","0.99000000000000000000",6,6
"Waterfront Deliverance","A Unbelieveable Documentary of a Dentist And a Technical Writer who must Build a Womanizer in Nigeria","G","1","4.9900000000000000",4,4
"Married Go","A Fanciful Story of a Womanizer And a Dog who must Face a Forensic Psychologist in The Sahara Desert","G","1","2.9900000000000000",7,7
"Daddy Pittsburgh","A Epic Story of a A Shark And a Student who must Confront a Explorer in The Gulf of Mexico","G","1","4.9900000000000000",5,5
"Snowman Rollercoaster","A Fateful Display of a Lumberjack And a Girl who must Succumb a Mad Cow in A Manhattan Penthouse","G","1","0.99000000000000000000",3,3
"Crossroads Casualties","A Intrepid Documentary of a Sumo Wrestler And a Astronaut who must Battle a Composer in The Outback","G","1","2.9900000000000000",5,5
"Daisy Menagerie","A Fast-Paced Saga of a Pastry Chef And a Monkey who must Sink a Composer in Ancient India","G","1","4.9900000000000000",5,5
"Divorce Shining","A Unbelieveable Saga of a Crocodile And a Student who must Discover a Cat in Ancient India","G","1","2.9900000000000000",3,3
"War Notting","A Boring Drama of a Teacher And a Sumo Wrestler who must Challenge a Secret Agent in The Canadian Rockies","G","1","4.9900000000000000",7,7
"Tycoon Gathering","A Emotional Display of a Husband And a A Shark who must Succumb a Madman in A Manhattan Penthouse","G","1","4.9900000000000000",3,3
"Pickup Driving","A Touching Documentary of a Husband And a Boat who must Meet a Pastry Chef in A Baloon Factory","G","1","2.9900000000000000",3,3
"Dwarfs Alter","A Emotional Yarn of a Girl And a Dog who must Challenge a Composer in Ancient Japan","G","1","2.9900000000000000",6,6
"Suicides Silence","A Emotional Character Study of a Car And a Girl who must Face a Composer in A U-Boat","G","1","4.9900000000000000",4,4
"Liberty Magnificent","A Boring Drama of a Student And a Cat who must Sink a Technical Writer in A Baloon","G","1","2.9900000000000000",3,3
"Unbreakable Karate","A Amazing Character Study of a Robot And a Student who must Chase a Robot in Australia","G","1","0.99000000000000000000",3,3
"Sagebrush Clueless","A Insightful Story of a Lumberjack And a Hunter who must Kill a Boy in Ancient Japan","G","1","2.9900000000000000",4,4
"Connection Microcosmos","A Fateful Documentary of a Crocodile And a Husband who must Face a Husband in The First Manned Space Station","G","1","0.99000000000000000000",6,6
"Japanese Run","A Awe-Inspiring Epistle of a Feminist And a Girl who must Sink a Girl in The Outback","G","1","0.99000000000000000000",6,6
"Dazed Punk","A Action-Packed Story of a Pioneer And a Technical Writer who must Discover a Forensic Psychologist in An Abandoned Amusement Park","G","1","4.9900000000000000",6,6
"Sassy Packer","A Fast-Paced Documentary of a Dog And a Teacher who must Find a Moose in A Manhattan Penthouse","G","1","0.99000000000000000000",6,6
"Truman Crazy","A Thrilling Epistle of a Moose And a Boy who must Meet a Database Administrator in A Monastery","G","1","4.9900000000000000",7,7
"Ballroom Mockingbird","A Thrilling Documentary of a Composer And a Monkey who must Find a Feminist in California","G","1","0.99000000000000000000",6,6
"Bird Independence","A Thrilling Documentary of a Car And a Student who must Sink a Hunter in The Canadian Rockies","G","1","4.9900000000000000",6,6
"Clash Freddy","A Amazing Yarn of a Composer And a Squirrel who must Escape a Astronaut in Australia","G","1","2.9900000000000000",6,6
"Panic Club","A Fanciful Display of a Teacher And a Crocodile who must Succumb a Girl in A Baloon","G","1","4.9900000000000000",3,3
"Newsies Story","A Action-Packed Character Study of a Dog And a Lumberjack who must Outrace a Moose in The Gulf of Mexico","G","1","0.99000000000000000000",4,4
"Garden Island","A Unbelieveable Character Study of a Womanizer And a Madman who must Reach a Man in The Outback","G","1","4.9900000000000000",3,3
"Rings Heartbreakers","A Amazing Yarn of a Sumo Wrestler And a Boat who must Conquer a Waitress in New Orleans","G","1","0.99000000000000000000",5,5
"Hanging Deep","A Action-Packed Yarn of a Boat And a Crocodile who must Build a Monkey in Berlin","G","1","4.9900000000000000",5,5
"Encino Elf","A Astounding Drama of a Feminist And a Teacher who must Confront a Husband in A Baloon","G","1","0.99000000000000000000",6,6
"Wake Jaws","A Beautiful Saga of a Feminist And a Composer who must Challenge a Moose in Berlin","G","1","4.9900000000000000",7,7
"Novocaine Flight","A Fanciful Display of a Student And a Teacher who must Outgun a Crocodile in Nigeria","G","1","0.99000000000000000000",4,4
"Gosford Donnie","A Epic Panorama of a Mad Scientist And a Monkey who must Redeem a Secret Agent in Berlin","G","1","4.9900000000000000",5,5
"Meet Chocolate","A Boring Documentary of a Dentist And a Butler who must Confront a Monkey in A MySQL Convention","G","1","2.9900000000000000",3,3
"Tracy Cider","A Touching Reflection of a Database Administrator And a Madman who must Build a Lumberjack in Nigeria","G","1","0.99000000000000000000",3,3
"Hoosiers Birdcage","A Astounding Display of a Explorer And a Boat who must Vanquish a Car in The First Manned Space Station","G","1","2.9900000000000000",3,3
"Easy Gladiator","A Fateful Story of a Monkey And a Girl who must Overcome a Pastry Chef in Ancient India","G","1","4.9900000000000000",5,5
"Glass Dying","A Astounding Drama of a Frisbee And a Astronaut who must Fight a Dog in Ancient Japan","G","1","0.99000000000000000000",4,4
"Moonwalker Fool","A Epic Drama of a Feminist And a Pioneer who must Sink a Composer in New Orleans","G","1","4.9900000000000000",5,5
"Stranger Strangers","A Awe-Inspiring Yarn of a Womanizer And a Explorer who must Fight a Woman in The First Manned Space Station","G","1","4.9900000000000000",3,3
"Excitement Eve","A Brilliant Documentary of a Monkey And a Car who must Conquer a Crocodile in A Shark Tank","G","1","0.99000000000000000000",3,3
"Hunger Roof","A Unbelieveable Yarn of a Student And a Database Administrator who must Outgun a Husband in An Abandoned Mine Shaft","G","1","0.99000000000000000000",6,6
"Noon Papi","A Unbelieveable Character Study of a Mad Scientist And a Astronaut who must Find a Pioneer in A Manhattan Penthouse","G","1","2.9900000000000000",5,5
"Amistad Midsummer","A Emotional Character Study of a Dentist And a Crocodile who must Meet a Sumo Wrestler in California","G","1","2.9900000000000000",6,6
"Gun Bonnie","A Boring Display of a Sumo Wrestler And a Husband who must Build a Waitress in The Gulf of Mexico","G","1","0.99000000000000000000",7,7
"Midsummer Groundhog","A Fateful Panorama of a Moose And a Dog who must Chase a Crocodile in Ancient Japan","G","1","4.9900000000000000",3,3
"Graduate Lord","A Lacklusture Epistle of a Girl And a A Shark who must Meet a Mad Scientist in Ancient China","G","1","2.9900000000000000",7,7
"Stone Fire","A Intrepid Drama of a Astronaut And a Crocodile who must Find a Boat in Soviet Georgia","G","1","0.99000000000000000000",3,3
"Jumanji Blade","A Intrepid Yarn of a Husband And a Womanizer who must Pursue a Mad Scientist in New Orleans","G","1","2.9900000000000000",4,4
"Dude Blindness","A Stunning Reflection of a Husband And a Lumberjack who must Face a Frisbee in An Abandoned Fun House","G","1","4.9900000000000000",3,3
"Eve Resurrection","A Awe-Inspiring Yarn of a Pastry Chef And a Database Administrator who must Challenge a Teacher in A Baloon","G","1","4.9900000000000000",5,5
"Baked Cleopatra","A Stunning Drama of a Forensic Psychologist And a Husband who must Overcome a Waitress in A Monastery","G","1","2.9900000000000000",3,3
"Atlantis Cause","A Thrilling Yarn of a Feminist And a Hunter who must Fight a Technical Writer in A Shark Tank","G","1","2.9900000000000000",6,6
"Hyde Doctor","A Fanciful Documentary of a Boy And a Woman who must Redeem a Womanizer in A Jet Boat","G","1","2.9900000000000000",5,5
"Firehouse Vietnam","A Awe-Inspiring Character Study of a Boat And a Boy who must Kill a Pastry Chef in The Sahara Desert","G","1","0.99000000000000000000",7,7
"Wardrobe Phantom","A Action-Packed Display of a Mad Cow And a Astronaut who must Kill a Car in Ancient India","G","1","2.9900000000000000",6,6
"Operation Operation","A Intrepid Character Study of a Man And a Frisbee who must Overcome a Madman in Ancient China","G","1","2.9900000000000000",7,7
"Borrowers Bedazzled","A Brilliant Epistle of a Teacher And a Sumo Wrestler who must Defeat a Man in An Abandoned Fun House","G","1","0.99000000000000000000",7,7
"Valley Packer","A Astounding Documentary of a Astronaut And a Boy who must Outrace a Sumo Wrestler in Berlin","G","1","0.99000000000000000000",3,3
"Side Ark","A Stunning Panorama of a Crocodile And a Womanizer who must Meet a Feminist in The Canadian Rockies","G","1","0.99000000000000000000",5,5
"Lover Truman","A Emotional Yarn of a Robot And a Boy who must Outgun a Technical Writer in A U-Boat","G","1","2.9900000000000000",3,3
"Armageddon Lost","A Fast-Paced Tale of a Boat And a Teacher who must Succumb a Composer in An Abandoned Mine Shaft","G","1","0.99000000000000000000",5,5
"Cruelty Unforgiven","A Brilliant Tale of a Car And a Moose who must Battle a Dentist in Nigeria","G","1","0.99000000000000000000",7,7
"Barbarella Streetcar","A Awe-Inspiring Story of a Feminist And a Cat who must Conquer a Dog in A Monastery","G","1","2.9900000000000000",6,6
"Monterey Labyrinth","A Awe-Inspiring Drama of a Monkey And a Composer who must Escape a Feminist in A U-Boat","G","1","0.99000000000000000000",6,6
"Fidelity Devil","A Awe-Inspiring Drama of a Technical Writer And a Composer who must Reach a Pastry Chef in A U-Boat","G","1","4.9900000000000000",5,5
"Sweethearts Suspects","A Brilliant Character Study of a Frisbee And a Sumo Wrestler who must Confront a Woman in The Gulf of Mexico","G","1","0.99000000000000000000",3,3
"Blues Instinct","A Insightful Documentary of a Boat And a Composer who must Meet a Forensic Psychologist in An Abandoned Fun House","G","1","2.9900000000000000",5,5
"Malkovich Pet","A Intrepid Reflection of a Waitress And a A Shark who must Kill a Squirrel in The Outback","G","1","2.9900000000000000",6,6
"Downhill Enough","A Emotional Tale of a Pastry Chef And a Forensic Psychologist who must Succumb a Monkey in The Sahara Desert","G","1","0.99000000000000000000",3,3
"Day Unfaithful","A Stunning Documentary of a Composer And a Mad Scientist who must Find a Technical Writer in A U-Boat","G","1","4.9900000000000000",3,3
"Grapes Fury","A Boring Yarn of a Mad Cow And a Sumo Wrestler who must Meet a Robot in Australia","G","1","0.99000000000000000000",4,4
"Midnight Westward","A Taut Reflection of a Husband And a A Shark who must Redeem a Pastry Chef in A Monastery","G","1","0.99000000000000000000",3,3
"Caper Motions","A Fateful Saga of a Moose And a Car who must Pursue a Woman in A MySQL Convention","G","1","0.99000000000000000000",6,6
"Turn Star","A Stunning Tale of a Man And a Monkey who must Chase a Student in New Orleans","G","1","2.9900000000000000",3,3
"Hook Chariots","A Insightful Story of a Boy And a Dog who must Redeem a Boy in Australia","G","1","0.99000000000000000000",7,7
"Spiking Element","A Lacklusture Epistle of a Dentist And a Technical Writer who must Find a Dog in A Monastery","G","1","2.9900000000000000",7,7
"Extraordinary Conquerer","A Stunning Story of a Dog And a Feminist who must Face a Forensic Psychologist in Berlin","G","1","2.9900000000000000",6,6
"Wars Pluto","A Taut Reflection of a Teacher And a Database Administrator who must Chase a Madman in The Sahara Desert","G","1","2.9900000000000000",5,5
"Gilbert Pelican","A Fateful Tale of a Man And a Feminist who must Conquer a Crocodile in A Manhattan Penthouse","G","1","0.99000000000000000000",7,7
"Birds Perdition","A Boring Story of a Womanizer And a Pioneer who must Face a Dog in California","G","1","4.9900000000000000",5,5
"Darn Forrester","A Fateful Story of a A Shark And a Explorer who must Succumb a Technical Writer in A Jet Boat","G","1","4.9900000000000000",7,7
"Rebel Airport","A Intrepid Yarn of a Database Administrator And a Boat who must Outrace a Husband in Ancient India","G","1","0.99000000000000000000",7,7
"Harper Dying","A Awe-Inspiring Reflection of a Woman And a Cat who must Confront a Feminist in The Sahara Desert","G","1","0.99000000000000000000",3,3
"Diary Panic","A Thoughtful Character Study of a Frisbee And a Mad Cow who must Outgun a Man in Ancient India","G","1","2.9900000000000000",7,7
"Breakfast Goldfinger","A Beautiful Reflection of a Student And a Student who must Fight a Moose in Berlin","G","1","4.9900000000000000",5,5
"Dogma Family","A Brilliant Character Study of a Database Administrator And a Monkey who must Succumb a Astronaut in New Orleans","G","1","4.9900000000000000",5,5
"Coldblooded Darling","A Brilliant Panorama of a Dentist And a Moose who must Find a Student in The Gulf of Mexico","G","1","4.9900000000000000",7,7
"Happiness United","A Action-Packed Panorama of a Husband And a Feminist who must Meet a Forensic Psychologist in Ancient Japan","G","1","2.9900000000000000",6,6
"Watch Tracy","A Fast-Paced Yarn of a Dog And a Frisbee who must Conquer a Hunter in Nigeria","PG","1","0.99000000000000000000",5,5
"Tramp Others","A Brilliant Display of a Composer And a Cat who must Succumb a A Shark in Ancient India","PG","1","0.99000000000000000000",4,4
"Secretary Rouge","A Action-Packed Panorama of a Mad Cow And a Composer who must Discover a Robot in A Baloon Factory","PG","1","4.9900000000000000",5,5
"Pet Haunting","A Unbelieveable Reflection of a Explorer And a Boat who must Conquer a Woman in California","PG","1","0.99000000000000000000",3,3
"Disciple Mother","A Touching Reflection of a Mad Scientist And a Boat who must Face a Moose in A Shark Tank","PG","1","0.99000000000000000000",3,3
"Peak Forever","A Insightful Reflection of a Boat And a Secret Agent who must Vanquish a Astronaut in An Abandoned Mine Shaft","PG","1","4.9900000000000000",7,7
"Sweden Shining","A Taut Documentary of a Car And a Robot who must Conquer a Boy in The Canadian Rockies","PG","1","4.9900000000000000",6,6
"Talented Homicide","A Lacklusture Panorama of a Dentist And a Forensic Psychologist who must Outrace a Pioneer in A U-Boat","PG","1","0.99000000000000000000",6,6
"Northwest Polish","A Boring Character Study of a Boy And a A Shark who must Outrace a Womanizer in The Outback","PG","1","2.9900000000000000",5,5
"Fool Mockingbird","A Lacklusture Tale of a Crocodile And a Composer who must Defeat a Madman in A U-Boat","PG","1","4.9900000000000000",3,3
"Birch Antitrust","A Fanciful Panorama of a Husband And a Pioneer who must Outgun a Dog in A Baloon","PG","1","4.9900000000000000",4,4
"Center Dinosaur","A Beautiful Character Study of a Sumo Wrestler And a Dentist who must Find a Dog in California","PG","1","4.9900000000000000",5,5
"Rush Goodfellas","A Emotional Display of a Man And a Dentist who must Challenge a Squirrel in Australia","PG","1","0.99000000000000000000",3,3
"Chasing Fight","A Astounding Saga of a Technical Writer And a Butler who must Battle a Butler in A Shark Tank","PG","1","4.9900000000000000",7,7
"Patton Interview","A Thrilling Documentary of a Composer And a Secret Agent who must Succumb a Cat in Berlin","PG","1","2.9900000000000000",4,4
"Monster Spartacus","A Fast-Paced Story of a Waitress And a Cat who must Fight a Girl in Australia","PG","1","2.9900000000000000",6,6
"Chinatown Gladiator","A Brilliant Panorama of a Technical Writer And a Lumberjack who must Escape a Butler in Ancient India","PG","1","4.9900000000000000",7,7
"Treatment Jekyll","A Boring Story of a Teacher And a Student who must Outgun a Cat in An Abandoned Mine Shaft","PG","1","0.99000000000000000000",3,3
"Dying Maker","A Intrepid Tale of a Boat And a Monkey who must Kill a Cat in California","PG","1","4.9900000000000000",5,5
"Bucket Brotherhood","A Amazing Display of a Girl And a Womanizer who must Succumb a Lumberjack in A Baloon Factory","PG","1","4.9900000000000000",7,7
"Superfly Trip","A Beautiful Saga of a Lumberjack And a Teacher who must Build a Technical Writer in An Abandoned Fun House","PG","1","0.99000000000000000000",5,5
"Chainsaw Uptown","A Beautiful Documentary of a Boy And a Robot who must Discover a Squirrel in Australia","PG","1","0.99000000000000000000",6,6
"Egypt Tenenbaums","A Intrepid Story of a Madman And a Secret Agent who must Outrace a Astronaut in An Abandoned Amusement Park","PG","1","0.99000000000000000000",3,3
"Wizard Coldblooded","A Lacklusture Display of a Robot And a Girl who must Defeat a Sumo Wrestler in A MySQL Convention","PG","1","4.9900000000000000",4,4
"Stock Glass","A Boring Epistle of a Crocodile And a Lumberjack who must Outgun a Moose in Ancient China","PG","1","2.9900000000000000",7,7
"Mile Mulan","A Lacklusture Epistle of a Cat And a Husband who must Confront a Boy in A MySQL Convention","PG","1","0.99000000000000000000",4,4
"Trading Pinocchio","A Emotional Character Study of a Student And a Explorer who must Discover a Frisbee in The First Manned Space Station","PG","1","4.9900000000000000",6,6
"Manchurian Curtain","A Stunning Tale of a Mad Cow And a Boy who must Battle a Boy in Berlin","PG","1","2.9900000000000000",5,5
"Sleepy Japanese","A Emotional Epistle of a Moose And a Composer who must Fight a Technical Writer in The Outback","PG","1","2.9900000000000000",4,4
"Volume House","A Boring Tale of a Dog And a Woman who must Meet a Dentist in California","PG","1","4.9900000000000000",7,7
"Potter Connecticut","A Thrilling Epistle of a Frisbee And a Cat who must Fight a Technical Writer in Berlin","PG","1","2.9900000000000000",5,5
"Mallrats United","A Thrilling Yarn of a Waitress And a Dentist who must Find a Hunter in A Monastery","PG","1","0.99000000000000000000",4,4
"Motions Details","A Awe-Inspiring Reflection of a Dog And a Student who must Kill a Car in An Abandoned Fun House","PG","1","0.99000000000000000000",5,5
"Full Flatliners","A Beautiful Documentary of a Astronaut And a Moose who must Pursue a Monkey in A Shark Tank","PG","1","2.9900000000000000",6,6
"Party Knock","A Fateful Display of a Technical Writer And a Butler who must Battle a Sumo Wrestler in An Abandoned Mine Shaft","PG","1","2.9900000000000000",7,7
"Hellfighters Sierra","A Taut Reflection of a A Shark And a Dentist who must Battle a Boat in Soviet Georgia","PG","1","2.9900000000000000",3,3
"Bill Others","A Stunning Saga of a Mad Scientist And a Forensic Psychologist who must Challenge a Squirrel in A MySQL Convention","PG","1","2.9900000000000000",6,6
"Sea Virgin","A Fast-Paced Documentary of a Technical Writer And a Pastry Chef who must Escape a Moose in A U-Boat","PG","1","2.9900000000000000",4,4
"Holes Brannigan","A Fast-Paced Reflection of a Technical Writer And a Student who must Fight a Boy in The Canadian Rockies","PG","1","4.9900000000000000",7,7
"Walls Artist","A Insightful Panorama of a Teacher And a Teacher who must Overcome a Mad Cow in An Abandoned Fun House","PG","1","4.9900000000000000",7,7
"Wonderland Christmas","A Awe-Inspiring Character Study of a Waitress And a Car who must Pursue a Mad Scientist in The First Manned Space Station","PG","1","4.9900000000000000",4,4
"Santa Paris","A Emotional Documentary of a Moose And a Car who must Redeem a Mad Cow in A Baloon Factory","PG","1","2.9900000000000000",7,7
"Room Roman","A Awe-Inspiring Panorama of a Composer And a Secret Agent who must Sink a Composer in A Shark Tank","PG","1","0.99000000000000000000",7,7
"Murder Antitrust","A Brilliant Yarn of a Car And a Database Administrator who must Escape a Boy in A MySQL Convention","PG","1","2.9900000000000000",6,6
"Effect Gladiator","A Beautiful Display of a Pastry Chef And a Pastry Chef who must Outgun a Forensic Psychologist in A Manhattan Penthouse","PG","1","0.99000000000000000000",6,6
"Tequila Past","A Action-Packed Panorama of a Mad Scientist And a Robot who must Challenge a Student in Nigeria","PG","1","4.9900000000000000",6,6
"Cider Desire","A Stunning Character Study of a Composer And a Mad Cow who must Succumb a Cat in Soviet Georgia","PG","1","2.9900000000000000",7,7
"Shawshank Bubble","A Lacklusture Story of a Moose And a Monkey who must Confront a Butler in An Abandoned Amusement Park","PG","1","4.9900000000000000",6,6
"Oleander Clue","A Boring Story of a Teacher And a Monkey who must Succumb a Forensic Psychologist in A Jet Boat","PG","1","0.99000000000000000000",5,5
"Chill Luck","A Lacklusture Epistle of a Boat And a Technical Writer who must Fight a A Shark in The Canadian Rockies","PG","1","0.99000000000000000000",6,6
"Squad Fish","A Fast-Paced Display of a Pastry Chef And a Dog who must Kill a Teacher in Berlin","PG","1","2.9900000000000000",3,3
"Pelican Comforts","A Epic Documentary of a Boy And a Monkey who must Pursue a Astronaut in Berlin","PG","1","4.9900000000000000",4,4
"Mulholland Beast","A Awe-Inspiring Display of a Husband And a Squirrel who must Battle a Sumo Wrestler in A Jet Boat","PG","1","2.9900000000000000",7,7
"Sky Miracle","A Epic Drama of a Mad Scientist And a Explorer who must Succumb a Waitress in An Abandoned Fun House","PG","1","2.9900000000000000",7,7
"Maiden Home","A Lacklusture Saga of a Moose And a Teacher who must Kill a Forensic Psychologist in A MySQL Convention","PG","1","4.9900000000000000",3,3
"Coast Rainbow","A Astounding Documentary of a Mad Cow And a Pioneer who must Challenge a Butler in The Sahara Desert","PG","1","0.99000000000000000000",4,4
"Behavior Runaway","A Unbelieveable Drama of a Student And a Husband who must Outrace a Sumo Wrestler in Berlin","PG","1","4.9900000000000000",3,3
"Patriot Roman","A Taut Saga of a Robot And a Database Administrator who must Challenge a Astronaut in California","PG","1","2.9900000000000000",6,6
"Snatch Slipper","A Insightful Panorama of a Woman And a Feminist who must Defeat a Forensic Psychologist in Berlin","PG","1","4.9900000000000000",6,6
"Lola Agent","A Astounding Tale of a Mad Scientist And a Husband who must Redeem a Database Administrator in Ancient Japan","PG","1","4.9900000000000000",4,4
"Legally Secretary","A Astounding Tale of a A Shark And a Moose who must Meet a Womanizer in The Sahara Desert","PG","1","4.9900000000000000",7,7
"Steers Armageddon","A Stunning Character Study of a Car And a Girl who must Succumb a Car in A MySQL Convention","PG","1","4.9900000000000000",6,6
"Sensibility Rear","A Emotional Tale of a Robot And a Sumo Wrestler who must Redeem a Pastry Chef in A Baloon Factory","PG","1","4.9900000000000000",7,7
"Loser Hustler","A Stunning Drama of a Robot And a Feminist who must Outgun a Butler in Nigeria","PG","1","4.9900000000000000",5,5
"Amadeus Holy","A Emotional Display of a Pioneer And a Technical Writer who must Battle a Man in A Baloon","PG","1","0.99000000000000000000",6,6
"Alaska Phantom","A Fanciful Saga of a Hunter And a Pastry Chef who must Vanquish a Boy in Australia","PG","1","0.99000000000000000000",6,6
"Tomatoes Hellfighters","A Thoughtful Epistle of a Madman And a Astronaut who must Overcome a Monkey in A Shark Tank","PG","1","0.99000000000000000000",6,6
"Frisco Forrest","A Beautiful Documentary of a Woman And a Pioneer who must Pursue a Mad Scientist in A Shark Tank","PG","1","4.9900000000000000",6,6
"Pinocchio Simon","A Action-Packed Reflection of a Mad Scientist And a A Shark who must Find a Feminist in California","PG","1","4.9900000000000000",4,4
"Stage World","A Lacklusture Panorama of a Woman And a Frisbee who must Chase a Crocodile in A Jet Boat","PG","1","2.9900000000000000",4,4
"Queen Luke","A Astounding Story of a Girl And a Boy who must Challenge a Composer in New Orleans","PG","1","4.9900000000000000",5,5
"Fiction Christmas","A Emotional Yarn of a A Shark And a Student who must Battle a Robot in An Abandoned Mine Shaft","PG","1","0.99000000000000000000",4,4
"Telegraph Voyage","A Fateful Yarn of a Husband And a Dog who must Battle a Waitress in A Jet Boat","PG","1","4.9900000000000000",3,3
"Hate Handicap","A Intrepid Reflection of a Mad Scientist And a Pioneer who must Overcome a Hunter in The First Manned Space Station","PG","1","0.99000000000000000000",4,4
"Gables Metropolis","A Fateful Display of a Cat And a Pioneer who must Challenge a Pastry Chef in A Baloon Factory","PG","1","0.99000000000000000000",3,3
"Goodfellas Salute","A Unbelieveable Tale of a Dog And a Explorer who must Sink a Mad Cow in A Baloon Factory","PG","1","4.9900000000000000",4,4
"Temple Attraction","A Action-Packed Saga of a Forensic Psychologist And a Woman who must Battle a Womanizer in Soviet Georgia","PG","1","4.9900000000000000",5,5
"Shanghai Tycoon","A Fast-Paced Character Study of a Crocodile And a Lumberjack who must Build a Husband in An Abandoned Fun House","PG","1","2.9900000000000000",7,7
"Nightmare Chill","A Brilliant Display of a Robot And a Butler who must Fight a Waitress in An Abandoned Mine Shaft","PG","1","4.9900000000000000",3,3
"Dalmations Sweden","A Emotional Epistle of a Moose And a Hunter who must Overcome a Robot in A Manhattan Penthouse","PG","1","0.99000000000000000000",4,4
"Twisted Pirates","A Touching Display of a Frisbee And a Boat who must Kill a Girl in A MySQL Convention","PG","1","4.9900000000000000",4,4
"Invasion Cyclone","A Lacklusture Character Study of a Mad Scientist And a Womanizer who must Outrace a Explorer in A Monastery","PG","1","2.9900000000000000",5,5
"Pollock Deliverance","A Intrepid Story of a Madman And a Frisbee who must Outgun a Boat in The Sahara Desert","PG","1","2.9900000000000000",5,5
"Opposite Necklace","A Fateful Epistle of a Crocodile And a Moose who must Kill a Explorer in Nigeria","PG","1","4.9900000000000000",7,7
"Money Harold","A Touching Tale of a Explorer And a Boat who must Defeat a Robot in Australia","PG","1","2.9900000000000000",3,3
"Jekyll Frogmen","A Fanciful Epistle of a Student And a Astronaut who must Kill a Waitress in A Shark Tank","PG","1","2.9900000000000000",4,4
"Ferris Mother","A Touching Display of a Frisbee And a Frisbee who must Kill a Girl in The Gulf of Mexico","PG","1","2.9900000000000000",3,3
"Fatal Haunted","A Beautiful Drama of a Student And a Secret Agent who must Confront a Dentist in Ancient Japan","PG","1","2.9900000000000000",6,6
"Graffiti Love","A Unbelieveable Epistle of a Sumo Wrestler And a Hunter who must Build a Composer in Berlin","PG","1","0.99000000000000000000",3,3
"Oklahoma Jumanji","A Thoughtful Drama of a Dentist And a Womanizer who must Meet a Husband in The Sahara Desert","PG","1","0.99000000000000000000",7,7
"Chicken Hellfighters","A Emotional Drama of a Dog And a Explorer who must Outrace a Technical Writer in Australia","PG","1","0.99000000000000000000",3,3
"Egg Igby","A Beautiful Documentary of a Boat And a Sumo Wrestler who must Succumb a Database Administrator in The First Manned Space Station","PG","1","2.9900000000000000",4,4
"Crow Grease","A Awe-Inspiring Documentary of a Woman And a Husband who must Sink a Database Administrator in The First Manned Space Station","PG","1","0.99000000000000000000",6,6
"Necklace Outbreak","A Astounding Epistle of a Database Administrator And a Mad Scientist who must Pursue a Cat in California","PG","1","0.99000000000000000000",3,3
"Greek Everyone","A Stunning Display of a Butler And a Teacher who must Confront a A Shark in The First Manned Space Station","PG","1","2.9900000000000000",7,7
"Wagon Jaws","A Intrepid Drama of a Moose And a Boat who must Kill a Explorer in A Manhattan Penthouse","PG","1","2.9900000000000000",7,7
"Wasteland Divine","A Fanciful Story of a Database Administrator And a Womanizer who must Fight a Database Administrator in Ancient China","PG","1","2.9900000000000000",7,7
"French Holiday","A Thrilling Epistle of a Dog And a Feminist who must Kill a Madman in Berlin","PG","1","4.9900000000000000",5,5
"Dawn Pond","A Thoughtful Documentary of a Dentist And a Forensic Psychologist who must Defeat a Waitress in Berlin","PG","1","4.9900000000000000",4,4
"Horn Working","A Stunning Display of a Mad Scientist And a Technical Writer who must Succumb a Monkey in A Shark Tank","PG","1","2.9900000000000000",4,4
"Titans Jerk","A Unbelieveable Panorama of a Feminist And a Sumo Wrestler who must Challenge a Technical Writer in Ancient China","PG","1","4.9900000000000000",4,4
"Crazy Home","A Fanciful Panorama of a Boy And a Woman who must Vanquish a Database Administrator in The Outback","PG","1","2.9900000000000000",7,7
"Dream Pickup","A Epic Display of a Car And a Composer who must Overcome a Forensic Psychologist in The Gulf of Mexico","PG","1","2.9900000000000000",6,6
"Arizona Bang","A Brilliant Panorama of a Mad Scientist And a Mad Cow who must Meet a Pioneer in A Monastery","PG","1","2.9900000000000000",3,3
"Mockingbird Hollywood","A Thoughtful Panorama of a Man And a Car who must Sink a Composer in Berlin","PG","1","0.99000000000000000000",4,4
"Jawbreaker Brooklyn","A Stunning Reflection of a Boat And a Pastry Chef who must Succumb a A Shark in A Jet Boat","PG","1","0.99000000000000000000",5,5
"Tadpole Park","A Beautiful Tale of a Frisbee And a Moose who must Vanquish a Dog in An Abandoned Amusement Park","PG","1","2.9900000000000000",6,6
"Slums Duck","A Amazing Character Study of a Teacher And a Database Administrator who must Defeat a Waitress in A Jet Boat","PG","1","0.99000000000000000000",5,5
"Musketeers Wait","A Touching Yarn of a Student And a Moose who must Fight a Mad Cow in Australia","PG","1","4.9900000000000000",7,7
"President Bang","A Fateful Panorama of a Technical Writer And a Moose who must Battle a Robot in Soviet Georgia","PG","1","4.9900000000000000",6,6
"Polish Brooklyn","A Boring Character Study of a Database Administrator And a Lumberjack who must Reach a Madman in The Outback","PG","1","0.99000000000000000000",6,6
"Bringing Hysterical","A Fateful Saga of a A Shark And a Technical Writer who must Find a Woman in A Jet Boat","PG","1","2.9900000000000000",7,7
"Paths Control","A Astounding Documentary of a Butler And a Cat who must Find a Frisbee in Ancient China","PG","1","4.9900000000000000",3,3
"Legend Jedi","A Awe-Inspiring Epistle of a Pioneer And a Student who must Outgun a Crocodile in The Outback","PG","1","0.99000000000000000000",7,7
"Records Zorro","A Amazing Drama of a Mad Scientist And a Composer who must Build a Husband in The Outback","PG","1","4.9900000000000000",7,7
"Massage Image","A Fateful Drama of a Frisbee And a Crocodile who must Vanquish a Dog in The First Manned Space Station","PG","1","2.9900000000000000",4,4
"Mourning Purple","A Lacklusture Display of a Waitress And a Lumberjack who must Chase a Pioneer in New Orleans","PG","1","0.99000000000000000000",5,5
"Newton Labyrinth","A Intrepid Character Study of a Moose And a Waitress who must Find a A Shark in Ancient India","PG","1","0.99000000000000000000",4,4
"Hurricane Affair","A Lacklusture Epistle of a Database Administrator And a Woman who must Meet a Hunter in An Abandoned Mine Shaft","PG","1","2.9900000000000000",6,6
"Boiled Dares","A Awe-Inspiring Story of a Waitress And a Dog who must Discover a Dentist in Ancient Japan","PG","1","4.9900000000000000",7,7
"Gladiator Westward","A Astounding Reflection of a Squirrel And a Sumo Wrestler who must Sink a Dentist in Ancient Japan","PG","1","4.9900000000000000",6,6
"Range Moonwalker","A Insightful Documentary of a Hunter And a Dentist who must Confront a Crocodile in A Baloon","PG","1","4.9900000000000000",3,3
"Fireball Philadelphia","A Amazing Yarn of a Dentist And a A Shark who must Vanquish a Madman in An Abandoned Mine Shaft","PG","1","0.99000000000000000000",4,4
"Uptown Young","A Fateful Documentary of a Dog And a Hunter who must Pursue a Teacher in An Abandoned Amusement Park","PG","1","2.9900000000000000",5,5
"Hollywood Anonymous","A Fast-Paced Epistle of a Boy And a Explorer who must Escape a Dog in A U-Boat","PG","1","0.99000000000000000000",7,7
"Carrie Bunch","A Amazing Epistle of a Student And a Astronaut who must Discover a Frisbee in The Canadian Rockies","PG","1","0.99000000000000000000",7,7
"Private Drop","A Stunning Story of a Technical Writer And a Hunter who must Succumb a Secret Agent in A Baloon","PG","1","4.9900000000000000",7,7
"Agent Truman","A Intrepid Panorama of a Robot And a Boy who must Escape a Sumo Wrestler in Ancient China","PG","1","2.9900000000000000",3,3
"Liaisons Sweet","A Boring Drama of a A Shark And a Explorer who must Redeem a Waitress in The Canadian Rockies","PG","1","4.9900000000000000",5,5
"Moon Bunch","A Beautiful Tale of a Astronaut And a Mad Cow who must Challenge a Cat in A Baloon Factory","PG","1","0.99000000000000000000",7,7
"Lovely Jingle","A Fanciful Yarn of a Crocodile And a Forensic Psychologist who must Discover a Crocodile in The Outback","PG","1","2.9900000000000000",3,3
"Cyclone Family","A Lacklusture Drama of a Student And a Monkey who must Sink a Womanizer in A MySQL Convention","PG","1","2.9900000000000000",7,7
"Instinct Airport","A Touching Documentary of a Mad Cow And a Explorer who must Confront a Butler in A Manhattan Penthouse","PG","1","2.9900000000000000",4,4
"Born Spinal","A Touching Epistle of a Frisbee And a Husband who must Pursue a Student in Nigeria","PG","1","4.9900000000000000",7,7
"Shane Darkness","A Action-Packed Saga of a Moose And a Lumberjack who must Find a Woman in Berlin","PG","1","2.9900000000000000",5,5
"Majestic Floats","A Thrilling Character Study of a Moose And a Student who must Escape a Butler in The First Manned Space Station","PG","1","0.99000000000000000000",5,5
"Sugar Wonka","A Touching Story of a Dentist And a Database Administrator who must Conquer a Astronaut in An Abandoned Amusement Park","PG","1","4.9900000000000000",3,3
"Trouble Date","A Lacklusture Panorama of a Forensic Psychologist And a Woman who must Kill a Explorer in Ancient Japan","PG","1","2.9900000000000000",6,6
"Open African","A Lacklusture Drama of a Secret Agent And a Explorer who must Discover a Car in A U-Boat","PG","1","4.9900000000000000",7,7
"Kentuckian Giant","A Stunning Yarn of a Woman And a Frisbee who must Escape a Waitress in A U-Boat","PG","1","2.9900000000000000",5,5
"Brannigan Sunrise","A Amazing Epistle of a Moose And a Crocodile who must Outrace a Dog in Berlin","PG","1","4.9900000000000000",4,4
"Trojan Tomorrow","A Astounding Panorama of a Husband And a Sumo Wrestler who must Pursue a Boat in Ancient India","PG","1","2.9900000000000000",3,3
"Won Dares","A Unbelieveable Documentary of a Teacher And a Monkey who must Defeat a Explorer in A U-Boat","PG","1","2.9900000000000000",7,7
"Carol Texas","A Astounding Character Study of a Composer And a Student who must Overcome a Composer in A Monastery","PG","1","2.9900000000000000",4,4
"Splash Gump","A Taut Saga of a Crocodile And a Boat who must Conquer a Hunter in A Shark Tank","PG","1","0.99000000000000000000",5,5
"Magic Mallrats","A Touching Documentary of a Pastry Chef And a Pastry Chef who must Build a Mad Scientist in California","PG","1","0.99000000000000000000",3,3
"Sabrina Midnight","A Emotional Story of a Squirrel And a Crocodile who must Succumb a Husband in The Sahara Desert","PG","1","4.9900000000000000",5,5
"Bedazzled Married","A Astounding Character Study of a Madman And a Robot who must Meet a Mad Scientist in An Abandoned Fun House","PG","1","0.99000000000000000000",6,6
"Movie Shakespeare","A Insightful Display of a Database Administrator And a Student who must Build a Hunter in Berlin","PG","1","4.9900000000000000",6,6
"Modern Dorado","A Awe-Inspiring Story of a Butler And a Sumo Wrestler who must Redeem a Boy in New Orleans","PG","1","0.99000000000000000000",3,3
"Ali Forever","A Action-Packed Drama of a Dentist And a Crocodile who must Battle a Feminist in The Canadian Rockies","PG","1","4.9900000000000000",4,4
"Rider Caddyshack","A Taut Reflection of a Monkey And a Womanizer who must Chase a Moose in Nigeria","PG","1","2.9900000000000000",5,5
"Super Wyoming","A Action-Packed Saga of a Pastry Chef And a Explorer who must Discover a A Shark in The Outback","PG","1","4.9900000000000000",5,5
"Mighty Luck","A Astounding Epistle of a Mad Scientist And a Pioneer who must Escape a Database Administrator in A MySQL Convention","PG","1","2.9900000000000000",7,7
"Charade Duffel","A Action-Packed Display of a Man And a Waitress who must Build a Dog in A MySQL Convention","PG","1","2.9900000000000000",3,3
"Star Operation","A Insightful Character Study of a Girl And a Car who must Pursue a Mad Cow in A Shark Tank","PG","1","2.9900000000000000",5,5
"Arsenic Independence","A Fanciful Documentary of a Mad Cow And a Womanizer who must Find a Dentist in Berlin","PG","1","0.99000000000000000000",4,4
"Pirates Roxanne","A Stunning Drama of a Woman And a Lumberjack who must Overcome a A Shark in The Canadian Rockies","PG","1","0.99000000000000000000",4,4
"Monsoon Cause","A Astounding Tale of a Crocodile And a Car who must Outrace a Squirrel in A U-Boat","PG","1","4.9900000000000000",6,6
"Hysterical Grail","A Amazing Saga of a Madman And a Dentist who must Build a Car in A Manhattan Penthouse","PG","1","4.9900000000000000",5,5
"Bound Cheaper","A Thrilling Panorama of a Database Administrator And a Astronaut who must Challenge a Lumberjack in A Baloon","PG","1","0.99000000000000000000",5,5
"Blackout Private","A Intrepid Yarn of a Pastry Chef And a Mad Scientist who must Challenge a Secret Agent in Ancient Japan","PG","1","2.9900000000000000",7,7
"Muppet Mile","A Lacklusture Story of a Madman And a Teacher who must Kill a Frisbee in The Gulf of Mexico","PG","1","4.9900000000000000",5,5
"Everyone Craft","A Fateful Display of a Waitress And a Dentist who must Reach a Butler in Nigeria","PG","1","0.99000000000000000000",4,4
"Pilot Hoosiers","A Awe-Inspiring Reflection of a Crocodile And a Sumo Wrestler who must Meet a Forensic Psychologist in An Abandoned Mine Shaft","PG","1","2.9900000000000000",6,6
"Heaven Freedom","A Intrepid Story of a Butler And a Car who must Vanquish a Man in New Orleans","PG","1","2.9900000000000000",7,7
"Academy Dinosaur","A Epic Drama of a Feminist And a Mad Scientist who must Battle a Teacher in The Canadian Rockies","PG","1","0.99000000000000000000",6,6
"Papi Necklace","A Fanciful Display of a Car And a Monkey who must Escape a Squirrel in Ancient Japan","PG","1","0.99000000000000000000",3,3
"Suspects Quills","A Emotional Epistle of a Pioneer And a Crocodile who must Battle a Man in A Manhattan Penthouse","PG","1","2.9900000000000000",4,4
"Rainbow Shock","A Action-Packed Story of a Hunter And a Boy who must Discover a Lumberjack in Ancient India","PG","1","4.9900000000000000",3,3
"Frost Head","A Amazing Reflection of a Lumberjack And a Cat who must Discover a Husband in A MySQL Convention","PG","1","0.99000000000000000000",5,5
"Silverado Goldfinger","A Stunning Epistle of a Sumo Wrestler And a Man who must Challenge a Waitress in Ancient India","PG","1","4.9900000000000000",4,4
"Champion Flatliners","A Amazing Story of a Mad Cow And a Dog who must Kill a Husband in A Monastery","PG","1","4.9900000000000000",4,4
"Lion Uncut","A Intrepid Display of a Pastry Chef And a Cat who must Kill a A Shark in Ancient China","PG","1","0.99000000000000000000",6,6
"Grit Clockwork","A Thoughtful Display of a Dentist And a Squirrel who must Confront a Lumberjack in A Shark Tank","PG","1","0.99000000000000000000",3,3
"Unforgiven Zoolander","A Taut Epistle of a Monkey And a Sumo Wrestler who must Vanquish a A Shark in A Baloon Factory","PG","1","0.99000000000000000000",7,7
"Secret Groundhog","A Astounding Story of a Cat And a Database Administrator who must Build a Technical Writer in New Orleans","PG","1","4.9900000000000000",6,6
"Expendable Stallion","A Amazing Character Study of a Mad Cow And a Squirrel who must Discover a Hunter in A U-Boat","PG","1","0.99000000000000000000",3,3
"Lady Stage","A Beautiful Character Study of a Woman And a Man who must Pursue a Explorer in A U-Boat","PG","1","4.9900000000000000",4,4
"Dangerous Uptown","A Unbelieveable Story of a Mad Scientist And a Woman who must Overcome a Dog in California","PG","1","4.9900000000000000",7,7
"Punk Divorce","A Fast-Paced Tale of a Pastry Chef And a Boat who must Face a Frisbee in The Canadian Rockies","PG","1","4.9900000000000000",6,6
"Jersey Sassy","A Lacklusture Documentary of a Madman And a Mad Cow who must Find a Feminist in Ancient Japan","PG","1","4.9900000000000000",6,6
"Words Hunter","A Action-Packed Reflection of a Composer And a Mad Scientist who must Face a Pioneer in A MySQL Convention","PG","1","2.9900000000000000",3,3
"Oscar Gold","A Insightful Tale of a Database Administrator And a Dog who must Face a Madman in Soviet Georgia","PG","1","2.9900000000000000",7,7
"Resurrection Silverado","A Epic Yarn of a Robot And a Explorer who must Challenge a Girl in A MySQL Convention","PG","1","0.99000000000000000000",6,6
"Tootsie Pilot","A Awe-Inspiring Documentary of a Womanizer And a Pastry Chef who must Kill a Lumberjack in Berlin","PG","1","0.99000000000000000000",3,3
"Gaslight Crusade","A Amazing Epistle of a Boy And a Astronaut who must Redeem a Man in The Gulf of Mexico","PG","1","2.9900000000000000",4,4
"Worst Banger","A Thrilling Drama of a Madman And a Dentist who must Conquer a Boy in The Outback","PG","1","2.9900000000000000",4,4
"Drums Dynamite","A Epic Display of a Crocodile And a Crocodile who must Confront a Dog in An Abandoned Amusement Park","PG","1","0.99000000000000000000",6,6
"Cowboy Doom","A Astounding Drama of a Boy And a Lumberjack who must Fight a Butler in A Baloon","PG","1","2.9900000000000000",3,3
"Others Soup","A Lacklusture Documentary of a Mad Cow And a Madman who must Sink a Moose in The Gulf of Mexico","PG","1","2.9900000000000000",7,7
"Wedding Apollo","A Action-Packed Tale of a Student And a Waitress who must Conquer a Lumberjack in An Abandoned Mine Shaft","PG","1","0.99000000000000000000",3,3
"Jedi Beneath","A Astounding Reflection of a Explorer And a Dentist who must Pursue a Student in Nigeria","PG","1","0.99000000000000000000",7,7
"Iron Moon","A Fast-Paced Documentary of a Mad Cow And a Boy who must Pursue a Dentist in A Baloon","PG","1","4.9900000000000000",7,7
